state,state_po,year,democrat,republican
Alabama,AL,1978,0.939947251312274,0.0
Alabama,AL,1980,0.47053919894012525,0.5015295849569349
Alabama,AL,1984,0.6275624729258463,0.3635469948965676
Alabama,AL,1986,0.5028150082061429,0.49718499179385706
Alabama,AL,1990,0.6056714992313236,0.39420193493841305
Alabama,AL,1992,0.6481801547598902,0.3308501272975835
Alabama,AL,1996,0.45461796873801597,0.5245029155131443
Alabama,AL,1998,0.3669136890610443,0.6324183067175402
Alabama,AL,2002,0.39827704333185765,0.5857705301388076
Alabama,AL,2004,0.3235435813614084,0.6754515607378963
Alabama,AL,2008,0.36520448832171387,0.6336223194839702
Alabama,AL,2010,0.3471015463490719,0.6517547302286976
Alabama,AL,2014,0.0,0.9725164712928895
Alabama,AL,2016,0.3586726158881388,0.639587936251224
Alaska,AK,1978,0.24094638303419394,0.755925078009793
Alaska,AK,1980,0.4593396358811447,0.5368584223217361
Alaska,AK,1984,0.28485065734021836,0.7116858330346157
Alaska,AK,1986,0.4409654813856118,0.5402293128909685
Alaska,AK,1990,0.32192548840000634,0.6622867280489795
Alaska,AK,1992,0.38406184035976204,0.5304779862669682
Alaska,AK,1996,0.10338657099984477,0.7670579002742373
Alaska,AK,1998,0.19721199060444441,0.7449133706330278
Alaska,AK,2002,0.10513269555822748,0.7817014306376009
Alaska,AK,2004,0.455456270372833,0.4857791544362097
Alaska,AK,2008,0.4776708012954681,0.46522914614302396
Alaska,AK,2010,0.23500702535782358,0.3555300720539485
Alaska,AK,2014,0.45832507082152973,0.479621104815864
Alaska,AK,2016,0.11623389341801497,0.44358000391727487
Arizona,AZ,1976,0.5401087411125052,0.4333940448725732
Arizona,AZ,1980,0.4838179077093423,0.49456898464720134
Arizona,AZ,1982,0.5691097342809976,0.4030322495976571
Arizona,AZ,1986,0.3951288704296222,0.6047482909791279
Arizona,AZ,1988,0.567093931590097,0.4105143752162873
Arizona,AZ,1992,0.31570542621075487,0.5581523402537244
Arizona,AZ,1994,0.3954300931138634,0.5370569942630422
Arizona,AZ,1998,0.2716169272066951,0.687447694615506
Arizona,AZ,2000,0.0,0.7932252790828845
Arizona,AZ,2004,0.20620469119024182,0.7673903501952666
Arizona,AZ,2006,0.43499399390351734,0.5334081748409399
Arizona,AZ,2010,0.34651246368125194,0.5886007712100318
Arizona,AZ,2012,0.46203612160351465,0.4923090706964628
Arizona,AZ,2016,0.4074891434487282,0.26864995475613757
Arizona,AZ,2018,0.49955794301742895,0.4761129854028926
Arkansas,AR,1978,0.7647977909184782,0.1630280505397012
Arkansas,AR,1980,0.5908727862593532,0.4087179715434489
Arkansas,AR,1984,0.5734774349396545,0.42652256506034547
Arkansas,AR,1986,0.6227607417536202,0.3771644904937116
Arkansas,AR,1990,0.9983324405995129,0.0
Arkansas,AR,1992,0.6017719411135556,0.39822805888644447
Arkansas,AR,1996,0.4729957940540049,0.5270042059459952
Arkansas,AR,1998,0.5506006440925131,0.42217025217206433
Arkansas,AR,2002,0.5389562018651421,0.4610437981348578
Arkansas,AR,2004,0.5589777832085276,0.4406950889450993
Arkansas,AR,2008,0.7953296947677004,0.0
Arkansas,AR,2010,0.369451136408802,0.5790293567465898
Arkansas,AR,2014,0.39430327844673485,0.564974837906561
Arkansas,AR,2016,0.36171019627601075,0.5977163433322318
California,CA,1976,0.46888717966703014,0.5018311816502748
California,CA,1980,0.5651238849727751,0.3714159710485761
California,CA,1982,0.4477599625902414,0.5153533748854967
California,CA,1986,0.4928959559432758,0.47872165863661936
California,CA,1988,0.4400071718886596,0.5278757395368734
California,CA,1992,0.47903789576435574,0.43002867764048697
California,CA,1994,0.46736086503206625,0.44831866333556064
California,CA,1998,0.5305710303474354,0.4301153586331894
California,CA,2000,0.5584281724250367,0.3658693920182296
California,CA,2004,0.5770810388362684,0.3779814565228844
California,CA,2006,0.5943105149508118,0.35015283072855324
California,CA,2010,0.5218357506279899,0.4217298523223628
California,CA,2012,0.625242844721446,0.374757155278554
California,CA,2016,0.5,0.0
California,CA,2018,0.5,0.0
Colorado,CO,1978,0.4029851474996826,0.5868751647836574
Colorado,CO,1980,0.5033499780930186,0.48697855843538124
Colorado,CO,1984,0.3462196671467065,0.642483601207882
Colorado,CO,1986,0.4991199747352147,0.4836075850918912
Colorado,CO,1990,0.4165702080277723,0.5567837248918082
Colorado,CO,1992,0.5177676321870477,0.42704225823928404
Colorado,CO,1996,0.4573852717283696,0.5140548684195201
Colorado,CO,1998,0.3501670766669053,0.6248855703775141
Colorado,CO,2002,0.45769242176653613,0.5069572242285404
Colorado,CO,2004,0.5130260330860861,0.4653290767326921
Colorado,CO,2008,0.5279563016459364,0.42492111711122865
Colorado,CO,2010,0.4805037110263242,0.4642202217926452
Colorado,CO,2014,0.46260468835280527,0.4820495056975353
Colorado,CO,2016,0.4997078041270525,0.4430578963428305
Connecticut,CT,1976,0.41200852485117495,0.5770012616897242
Connecticut,CT,1980,0.5633678078277381,0.4290942610106373
Connecticut,CT,1982,0.46067587871986176,0.5039067547263149
Connecticut,CT,1986,0.6476339728517718,0.34847630287849835
Connecticut,CT,1988,0.49764081050880143,0.4903803759380019
Connecticut,CT,1992,0.38493837049140345,0.38118935589050423
Connecticut,CT,1994,0.4110473258347041,0.31012703952340726
Connecticut,CT,1998,0.6514608738388544,0.3236816156656025
Connecticut,CT,2000,0.632141122171711,0.3417145785621627
Connecticut,CT,2004,0.6635289873280897,0.3212891461235353
Connecticut,CT,2006,0.3972974425812296,0.09622859821797587
Connecticut,CT,2010,0.5248427086630562,0.4321693846667505
Connecticut,CT,2012,0.5245415289688073,0.3999096419811558
Connecticut,CT,2016,0.5768213015794261,0.34619389128195877
Connecticut,CT,2018,0.5679710709238268,0.3934967263707421
Delaware,DE,1976,0.43613959385217643,0.5580818078693921
Delaware,DE,1978,0.5795572338220051,0.4101818944666568
Delaware,DE,1982,0.4420454545454545,0.5517228739002933
Delaware,DE,1984,0.6011051835466714,0.3988948164533286
Delaware,DE,1988,0.37938667641369567,0.6206133235863043
Delaware,DE,1990,0.6267755346725357,0.3583207979706589
Delaware,DE,1994,0.42482412060301505,0.5581608040201005
Delaware,DE,1996,0.600400593633319,0.3813186932809852
Delaware,DE,2000,0.5552595927129939,0.4369848895847923
Delaware,DE,2002,0.5821990926074193,0.4080382585638403
Delaware,DE,2006,0.7020026998995769,0.28700426386579525
Delaware,DE,2008,0.6468651258119126,0.3531348741880874
Delaware,DE,2012,0.6641917288529201,0.2895351921642818
Delaware,DE,2014,0.5582640425913741,0.422251941992326
Delaware,DE,2018,0.5995306018886242,0.37818539846438975
Florida,FL,1976,0.6297450878974669,0.37020941833063054
Florida,FL,1980,0.4833887372775953,0.5165661950528737
Florida,FL,1982,0.6171912540009701,0.3826497059077364
Florida,FL,1986,0.5473892680924409,0.45258828290178765
Florida,FL,1988,0.49568569363078446,0.504170508447329
Florida,FL,1992,0.6540458135256102,0.3459098521045727
Florida,FL,1994,0.2947726413844691,0.7049743645685611
Florida,FL,1998,0.6246937947705762,0.3753062052294238
Florida,FL,2000,0.5104361118856235,0.4619211638711083
Florida,FL,2004,0.48321025845052434,0.49433598918100313
Florida,FL,2006,0.6030098044574211,0.3809563048890443
Florida,FL,2010,0.2019801497143098,0.4889468068080721
Florida,FL,2012,0.5523175610681682,0.42225760707091353
Florida,FL,2016,0.44314854512342744,0.5198112842432986
Florida,FL,2018,0.49932472568698066,0.5005497554641297
Georgia,GA,1978,0.8313388970870897,0.1686611029129103
Georgia,GA,1980,0.4912829173283944,0.5087170826716056
Georgia,GA,1984,0.7994223668684101,0.20055146359103193
Georgia,GA,1986,0.5091452463983909,0.490805774329637
Georgia,GA,1990,1.0,0.0
Georgia,GA,1992,0.4927270196241533,0.48733646776651385
Georgia,GA,1996,0.48866026564873605,0.47537074676968727
Georgia,GA,1998,0.45149670487179533,0.5236970431932897
Georgia,GA,2002,0.4589585371952408,0.5273429270664952
Georgia,GA,2004,0.399781929790955,0.5787683938526803
Georgia,GA,2008,0.45282110456585506,0.5254496225325065
Georgia,GA,2010,0.3899864514659576,0.5830738031149888
Georgia,GA,2014,0.4520635328617243,0.5288906283771548
Georgia,GA,2016,0.4103329267776551,0.5478385217276436
Hawaii,HI,1976,0.5372701031473855,0.40624710353137455
Hawaii,HI,1980,0.7794455671062408,0.18426005013784436
Hawaii,HI,1982,0.8008420090728109,0.1699389706602265
Hawaii,HI,1986,0.7356727707369592,0.2643272292630407
Hawaii,HI,1988,0.7655429855870766,0.20682915683780212
Hawaii,HI,1992,0.572691125275668,0.2692830155474039
Hawaii,HI,1994,0.7178132932849914,0.2418591097836381
Hawaii,HI,1998,0.7918437471742472,0.17824597361626027
Hawaii,HI,2000,0.7268468822966064,0.24506760256117213
Hawaii,HI,2004,0.7551011563824946,0.2098775240943115
Hawaii,HI,2006,0.6134895957904808,0.3677991611296166
Hawaii,HI,2010,0.7480861237563515,0.21571146005078484
Hawaii,HI,2012,0.6164553400479001,0.36827332846858923
Hawaii,HI,2016,0.7005465379834759,0.21169892885866784
Hawaii,HI,2018,0.7115109784705074,0.28848902152949263
Idaho,ID,1978,0.3155639735677546,0.6844360264322453
Idaho,ID,1980,0.48775267430461255,0.49744681528589985
Idaho,ID,1984,0.25996878139095153,0.7218515491126825
Idaho,ID,1986,0.4844355328461039,0.5155644671538961
Idaho,ID,1990,0.38708789121847464,0.6129121087815254
Idaho,ID,1992,0.434763345760955,0.565236654239045
Idaho,ID,1996,0.3990523557366466,0.5702195952400585
Idaho,ID,1998,0.2839301485559557,0.6953571636336713
Idaho,ID,2002,0.3254851374637738,0.6516189198715439
Idaho,ID,2004,0.0,0.9917925434384004
Idaho,ID,2008,0.34105121126585813,0.576543937467043
Idaho,ID,2010,0.24927591039530175,0.7117500500522769
Idaho,ID,2014,0.34671638035546815,0.6532836196445319
Idaho,ID,2016,0.2772677529630617,0.6613471233962203
Illinois,IL,1978,0.4547234897154075,0.5333867752838201
Illinois,IL,1980,0.5601060604638093,0.42495276776631763
Illinois,IL,1984,0.5007305734819059,0.4821135349834511
Illinois,IL,1986,0.6512517439814428,0.33742346415155483
Illinois,IL,1990,0.6506840192494321,0.3493159807505679
Illinois,IL,1992,0.5326851106920902,0.4305715207716966
Illinois,IL,1996,0.5608524857659475,0.40671302428152206
Illinois,IL,1998,0.47443983996563877,0.5034704454619665
Illinois,IL,2002,0.6033426722277493,0.3802006452240144
Illinois,IL,2004,0.6996872520188583,0.27048226983460144
Illinois,IL,2008,0.6784095113514665,0.28530095589322396
Illinois,IL,2014,0.5354868393922718,0.42694987871577755
Illinois,IL,2016,0.5486174310499978,0.3978041755479637
Indiana,IN,1976,0.40187267459965287,0.5903390127739987
Indiana,IN,1980,0.4621420539525541,0.537857946047446
Indiana,IN,1982,0.4558443437937981,0.5383304893503338
Indiana,IN,1986,0.3850972105310492,0.605697082551795
Indiana,IN,1988,0.3185714496668656,0.6814285503331344
Indiana,IN,1992,0.4070441425577885,0.5733730181340004
Indiana,IN,1994,0.3050069708623138,0.6735207000922538
Indiana,IN,1998,0.6371856778569032,0.34793282458893493
Indiana,IN,2000,0.3185111567217926,0.6656433009557577
Indiana,IN,2004,0.6164877917399195,0.3722513449080051
Indiana,IN,2006,0.0,0.8735690036096938
Indiana,IN,2010,0.39999002568672287,0.5457875436877788
Indiana,IN,2012,0.5004413886634205,0.44280306019057053
Indiana,IN,2016,0.4241271693138926,0.5211224257523935
Indiana,IN,2018,0.44842227932172796,0.507323997345092
Iowa,IA,1978,0.47911411440546414,0.5112906511952809
Iowa,IA,1980,0.4554043662185803,0.5348641253702077
Iowa,IA,1984,0.5545625435135763,0.4365908563471803
Iowa,IA,1986,0.335746533267845,0.6603555657226928
Iowa,IA,1990,0.5447271308107361,0.4541660865119881
Iowa,IA,1992,0.27200203637308956,0.6961432702975797
Iowa,IA,1996,0.51808662036152,0.46714197249467754
Iowa,IA,1998,0.30493392284264176,0.6841177457282202
Iowa,IA,2002,0.5417765070986975,0.43778999584585687
Iowa,IA,2004,0.2787704126747195,0.7018356872638971
Iowa,IA,2008,0.6265578028874497,0.37261247785973683
Iowa,IA,2010,0.33303317106650787,0.6435254999045753
Iowa,IA,2014,0.43761175533327434,0.5210011507479861
Iowa,IA,2016,0.356552345305366,0.6008990056040222
Kansas,KS,1978,0.42412588019587655,0.5386391467324753
Kansas,KS,1980,0.36239252702732927,0.6376074729726707
Kansas,KS,1984,0.2123586250625797,0.7598875923144606
Kansas,KS,1986,0.2995072647486662,0.7004927352513338
Kansas,KS,1990,0.263904557797605,0.7359186502763169
Kansas,KS,1992,0.31028978726917467,0.6269678023022832
Kansas,KS,1996,0.34436947638506127,0.6202385251354177
Kansas,KS,1998,0.3158782018491934,0.6526615844100127
Kansas,KS,2002,0.0,0.8252236596511553
Kansas,KS,2004,0.274872411697912,0.6916277982182809
Kansas,KS,2008,0.36458465833532944,0.6005839645161024
Kansas,KS,2010,0.2637854963399436,0.7009437836340803
Kansas,KS,2014,0.0,0.5314647693176217
Kansas,KS,2016,0.3223812782170636,0.6217525438866071
Kentucky,KY,1978,0.6097742578909063,0.368649888943188
Kentucky,KY,1980,0.6512584468615618,0.3487415531384382
Kentucky,KY,1984,0.49702260975064355,0.0
Kentucky,KY,1986,0.7438208717221828,0.2559207417906922
Kentucky,KY,1990,0.47813451818211594,0.5218654818178841
Kentucky,KY,1992,0.6288334292614238,0.35811784578069183
Kentucky,KY,1996,0.42845622877848216,0.5545283027529253
Kentucky,KY,1998,0.49156986032997674,0.4974768948170705
Kentucky,KY,2002,0.3532479517162801,0.6467520482837199
Kentucky,KY,2004,0.4934317736067021,0.5065682263932979
Kentucky,KY,2008,0.4703438042981507,0.5296561957018493
Kentucky,KY,2010,0.4424848978243428,0.55726585728444
Kentucky,KY,2014,0.4072087406363259,0.5618810364183894
Kentucky,KY,2016,0.4272450504737413,0.5727328845027359
Louisiana,LA,1978,1.0,0.0
Louisiana,LA,1980,0.48197352478499145,0.014236997525603052
Louisiana,LA,1984,1.0,0.0
Louisiana,LA,1986,0.5282046752420072,0.47179532475799274
Louisiana,LA,1990,1.0,0.0
Louisiana,LA,1992,1.0,0.0
Louisiana,LA,1996,0.5017022508061281,0.4982977491938719
Louisiana,LA,1998,0.3252258387374699,0.16229434616396587
Louisiana,LA,2002,0.16596007434364013,0.09907556689577693
Louisiana,LA,2004,0.11870338344725484,0.5102734982056821
Louisiana,LA,2008,0.5210964613033818,0.45723341140393153
Louisiana,LA,2010,0.3767385457954741,0.565548136987211
Louisiana,LA,2014,0.11218839611794221,0.18251563997669154
Louisiana,LA,2016,0.05044667131980585,0.06895641837796375
Maine,ME,1976,0.6020325261778758,0.39796747382212416
Maine,ME,1978,0.3394354782812692,0.5659452859663996
Maine,ME,1982,0.6086792904299403,0.39129025591942834
Maine,ME,1984,0.25865877411562443,0.7334232852018295
Maine,ME,1988,0.8129053696036785,0.1870946303963215
Maine,ME,1990,0.386402598400984,0.6134052121771217
Maine,ME,1994,0.363552868390352,0.6023531802717432
Maine,ME,1996,0.4387542705145383,0.49181495013818916
Maine,ME,2000,0.31058701596542293,0.6894129840345771
Maine,ME,2002,0.41564352474455285,0.5843564752554471
Maine,ME,2006,0.20753107527039522,0.7440380974743547
Maine,ME,2008,0.3858343801333462,0.613309774581395
Maine,ME,2012,0.12818743790705375,0.29721685616513965
Maine,ME,2014,0.3083553215904155,0.6701907305719972
Maine,ME,2018,0.10445627347657425,0.35229954177825346
Maryland,MD,1976,0.5655216107933113,0.3885174578294721
Maryland,MD,1980,0.3383267707963996,0.6616732292036004
Maryland,MD,1982,0.6345764293211565,0.36542357067884346
Maryland,MD,1986,0.6068690866832579,0.3931300145510171
Maryland,MD,1988,0.617888582091629,0.381887555540439
Maryland,MD,1992,0.7101566395010477,0.2898433604989524
Maryland,MD,1994,0.5909900000073041,0.4089603323640842
Maryland,MD,1998,0.705039712838992,0.294960287161008
Maryland,MD,2000,0.6317809150761878,0.3673423055547851
Maryland,MD,2004,0.6480343300468446,0.33724301023587694
Maryland,MD,2006,0.5420559540833141,0.44195427757182343
Maryland,MD,2010,0.3109878191223094,0.35753368036129296
Maryland,MD,2012,0.5597785840529175,0.2632849948010697
Maryland,MD,2016,0.6088787566439363,0.35674847863486137
Maryland,MD,2018,0.6485591261143473,0.3030654957695784
Massachusetts,MA,1976,0.6930872190923851,0.2900710685979557
Massachusetts,MA,1978,0.5505781336556378,0.44849876617817397
Massachusetts,MA,1982,0.6081055447980733,0.3825891653326143
Massachusetts,MA,1984,0.5505496802769129,0.44928908491739283
Massachusetts,MA,1988,0.6497305489740909,0.3392903529050638
Massachusetts,MA,1990,0.5451305154420623,0.4095214055718539
Massachusetts,MA,1994,0.5807472206867604,0.41010208973162166
Massachusetts,MA,1996,0.5219738945562927,0.44724019559129274
Massachusetts,MA,2000,0.6910975959456455,0.12228790423577054
Massachusetts,MA,2002,0.723314541586929,0.0
Massachusetts,MA,2006,0.6688272533408205,0.29482203459701806
Massachusetts,MA,2008,0.6355066637232738,0.2984355437246918
Massachusetts,MA,2012,0.5327391906779608,0.45790146083972216
Massachusetts,MA,2014,0.5898804137024651,0.3621519954600101
Massachusetts,MA,2018,0.6033678230129031,0.3617205190813752
Michigan,MI,1976,0.5245887877992627,0.46845100234585485
Michigan,MI,1978,0.5213859897492825,0.4785184586686714
Michigan,MI,1982,0.5773547640309998,0.4085342516900252
Michigan,MI,1984,0.5176609281214655,0.471583690404973
Michigan,MI,1988,0.6037860972023554,0.3845478517449447
Michigan,MI,1990,0.5747925986157358,0.41230129810888055
Michigan,MI,1994,0.4274713846588585,0.5187546104091333
Michigan,MI,1996,0.5835732178096118,0.3986913217676724
Michigan,MI,2000,0.4947475636954328,0.47860934787537923
Michigan,MI,2002,0.6060850283147566,0.37885467200675427
Michigan,MI,2006,0.5690997851403465,0.41257630004375495
Michigan,MI,2008,0.6266496446411556,0.3384612528925756
Michigan,MI,2012,0.5879807037218365,0.37984464802517476
Michigan,MI,2014,0.5461438395064853,0.41329072504036973
Michigan,MI,2018,0.5226189214709184,0.45756289838436104
Minnesota,MN,1976,0.6750640683674857,0.250312235227665
Minnesota,MN,1978,0.4038758159762423,0.56565832944246
Minnesota,MN,1982,0.46567997007771483,0.5259711582417886
Minnesota,MN,1984,0.4127710424689869,0.580756511044976
Minnesota,MN,1988,0.0,0.5617174788545874
Minnesota,MN,1990,0.5044116711696888,0.47807161879267385
Minnesota,MN,1994,0.0,0.49051766878425473
Minnesota,MN,1996,0.0,0.412841603276368
Minnesota,MN,2000,0.0,0.4329263655601111
Minnesota,MN,2002,0.4733556014954057,0.49528860274305553
Minnesota,MN,2006,0.0,0.37936427374235737
Minnesota,MN,2008,0.4199368620668877,0.4198288155819654
Minnesota,MN,2012,0.6522898262419866,0.3052799180643548
Minnesota,MN,2014,0.5315115405888788,0.4290764500930595
Minnesota,MN,2018,0.0,0.1814032349999566
Mississippi,MS,1976,1.0,0.0
Mississippi,MS,1978,0.31773900609247824,0.45287308805291443
Mississippi,MS,1982,0.6419880748993064,0.35801192510069363
Mississippi,MS,1984,0.39058010585566666,0.6094198941443334
Mississippi,MS,1988,0.46089599976339335,0.5391040002366067
Mississippi,MS,1990,0.0,1.0
Mississippi,MS,1994,0.3120484800644647,0.6879515199355354
Mississippi,MS,1996,0.27387892044950163,0.710345957831339
Mississippi,MS,2000,0.31594014549200117,0.658798926513664
Mississippi,MS,2002,0.0,0.8457941775906233
Mississippi,MS,2006,0.3486539176096418,0.6357597790876398
Mississippi,MS,2008,0.3856495373793329,0.6143504626206671
Mississippi,MS,2012,0.4055090015206578,0.5715562901105699
Mississippi,MS,2014,0.37894431976804915,0.5989969265246305
Mississippi,MS,2018,0.2004373569193672,0.297005157275479
Missouri,MO,1976,0.4249610856325021,0.5693861454404897
Missouri,MO,1980,0.520017997401988,0.47673714842776727
Missouri,MO,1982,0.491492503179419,0.5084971309104314
Missouri,MO,1986,0.47357423238050883,0.5263641698824972
Missouri,MO,1988,0.3175010522518189,0.6770084781432265
Missouri,MO,1992,0.44925891199516244,0.5188724353649982
Missouri,MO,1994,0.3569890643766379,0.5972280121411784
Missouri,MO,1998,0.437711219216454,0.5267598774016921
Missouri,MO,2000,0.5046659321320502,0.483934101912867
Missouri,MO,2004,0.4279707892619057,0.5609251692837945
Missouri,MO,2006,0.49578356923952965,0.47308451795406914
Missouri,MO,2010,0.406263905686458,0.5422915490979727
Missouri,MO,2012,0.5481432375826044,0.39113718466515984
Missouri,MO,2016,0.4639195672938489,0.4918425156843135
Missouri,MO,2018,0.4556934089290825,0.5138323105905976
Montana,MT,1976,0.6415778749086157,0.3584221250913842
Montana,MT,1978,0.5568934021434873,0.4431065978565128
Montana,MT,1982,0.5446331238203214,0.41670767639895095
Montana,MT,1984,0.5689071751658292,0.40697867626696205
Montana,MT,1988,0.4813335377572867,0.5186664622427133
Montana,MT,1990,0.6812980684921212,0.29384723300849264
Montana,MT,1994,0.37628393747484923,0.6237160625251508
Montana,MT,1996,0.4955581732067045,0.44690912660433385
Montana,MT,2000,0.47237494563910193,0.5055429894485193
Montana,MT,2002,0.6273500399648432,0.3173024802702297
Montana,MT,2006,0.49161756927959066,0.4828550694333403
Montana,MT,2008,0.7291597754041594,0.27084022459584056
Montana,MT,2012,0.48578382359597255,0.4486036875650632
Montana,MT,2014,0.4006857278828422,0.5778636439839275
Montana,MT,2018,0.5033387260499936,0.46782411813221675
Nebraska,NE,1976,0.528905631120325,0.47072188232121487
Nebraska,NE,1978,0.6765788716935128,0.3234211283064872
Nebraska,NE,1982,0.6659067125815775,0.2854592804505477
Nebraska,NE,1984,0.5193584797113503,0.48016627375451015
Nebraska,NE,1988,0.5670604617734256,0.4166292336717276
Nebraska,NE,1990,0.5890240945189517,0.40923129256282964
Nebraska,NE,1994,0.5478146770141832,0.4500444574891446
Nebraska,NE,1996,0.425941734898472,0.574058265101528
Nebraska,NE,2000,0.5099920560410197,0.48815916805084136
Nebraska,NE,2002,0.14637132796215044,0.8276216793657867
Nebraska,NE,2006,0.638827922933029,0.361172077066971
Nebraska,NE,2008,0.4005698343619205,0.5752021107593459
Nebraska,NE,2012,0.42225567227849836,0.5777443277215016
Nebraska,NE,2014,0.31485350808847073,0.643368860544438
Nebraska,NE,2018,0.38621199828869784,0.576850488565325
Nevada,NV,1976,0.6300873208881669,0.31437005631528636
Nevada,NV,1980,0.37870622716043295,0.5928483637723874
Nevada,NV,1982,0.48796879585873065,0.5120312041412693
Nevada,NV,1986,0.4999580043675458,0.4451766107233939
Nevada,NV,1988,0.5126881167733136,0.4711819559763673
Nevada,NV,1992,0.5104993677995189,0.40213395390482104
Nevada,NV,1994,0.5093001865818727,0.41000709536698815
Nevada,NV,1998,0.47863783198428866,0.47771782023750525
Nevada,NV,2000,0.39658708070894977,0.5504331065155732
Nevada,NV,2004,0.6108190917305708,0.3513779090150457
Nevada,NV,2006,0.4098995488969604,0.5535813599005788
Nevada,NV,2010,0.5028874250766561,0.44546606339859496
Nevada,NV,2012,0.4470612995525178,0.45866276476866724
Nevada,NV,2016,0.4709887448637275,0.44670367249123427
Nevada,NV,2018,0.5041198108898791,0.4538498886982426
New Hampshire,NH,1978,0.48508113436457384,0.507070821959357
New Hampshire,NH,1980,0.47847011144883483,0.5214072415080254
New Hampshire,NH,1984,0.40962460552229757,0.5875291711870624
New Hampshire,NH,1986,0.3237052321899197,0.6296197928371504
New Hampshire,NH,1990,0.3133191257168154,0.6513265589770516
New Hampshire,NH,1992,0.4534843777138777,0.4816778277399309
New Hampshire,NH,1996,0.4622229721899759,0.4925194104982384
New Hampshire,NH,1998,0.28244083178686735,0.6783594325952665
New Hampshire,NH,2002,0.4640164603531372,0.5081888020396524
New Hampshire,NH,2004,0.33716895505306765,0.6617809540912453
New Hampshire,NH,2008,0.5158962387033724,0.45251710236374604
New Hampshire,NH,2010,0.36846561544720813,0.6008620879241714
New Hampshire,NH,2014,0.5145536597706895,0.48211136125729526
New Hampshire,NH,2016,0.47981302594907593,0.4784371025786725
New Jersey,NJ,1976,0.6066053496620829,0.3804978729085405
New Jersey,NJ,1978,0.5532320314276008,0.43126106313361584
New Jersey,NJ,1982,0.5093787674713814,0.47750786824646924
New Jersey,NJ,1984,0.6415863813340154,0.34881813272980466
New Jersey,NJ,1988,0.5355090349085597,0.4518414906243536
New Jersey,NJ,1990,0.5044277553142865,0.4740241450145322
New Jersey,NJ,1994,0.5029410376336996,0.47021758374061445
New Jersey,NJ,1996,0.5268499784634186,0.42565128217221915
New Jersey,NJ,2000,0.5011294369196548,0.47096358942083033
New Jersey,NJ,2002,0.5387630620788373,0.4394761157320539
New Jersey,NJ,2006,0.5720435801633765,0.4118541182469869
New Jersey,NJ,2008,0.560301167714063,0.4195400070927179
New Jersey,NJ,2012,0.5886546099402099,0.39374361978399297
New Jersey,NJ,2014,0.5583559548229907,0.42325872476310955
New Jersey,NJ,2018,0.5400714982125446,0.42828091919061245
New Mexico,NM,1976,0.4270171599008367,0.568157828478463
New Mexico,NM,1978,0.4659419424898177,0.5340580575101823
New Mexico,NM,1982,0.5377386922259826,0.4622613077740174
New Mexico,NM,1984,0.28102555736380747,0.7189545474440646
New Mexico,NM,1988,0.633079563820542,0.36684965336080755
New Mexico,NM,1990,0.2703925413699384,0.7291331849077747
New Mexico,NM,1994,0.5397045743054776,0.4599025034758504
New Mexico,NM,1996,0.2978429599453446,0.6472588031263762
New Mexico,NM,2000,0.6170109545634967,0.3825395317594135
New Mexico,NM,2002,0.3495723063164519,0.650427693683548
New Mexico,NM,2006,0.7060513830453854,0.2933058812997941
New Mexico,NM,2008,0.6132799125842288,0.38672008741577124
New Mexico,NM,2012,0.5100806529576833,0.45277541818500555
New Mexico,NM,2014,0.5555881017873701,0.44441189821262994
New Mexico,NM,2018,0.540877345009842,0.3053218595949568
New York,NY,1976,0.48576146995406394,0.37875901378081933
New York,NY,1980,0.4353613368370687,0.3777413941412961
New York,NY,1982,0.6219886390743135,0.2849891771471431
New York,NY,1986,0.3842296937317316,0.4526920467287823
New York,NY,1988,0.6467788338978113,0.279186158537191
New York,NY,1992,0.41574827954718346,0.37475562612616115
New York,NY,1994,0.47450382716591544,0.32124697334289704
New York,NY,1998,0.47823102653632543,0.33672232802532004
New York,NY,2000,0.5118660934970692,0.3914829484535312
New York,NY,2004,0.5887505575458477,0.2181939730535843
New York,NY,2006,0.5741634316406815,0.258029558578506
New York,NY,2010,0.6397868636593681,0.26020807745924085
New York,NY,2012,0.6210867000495178,0.2128321165585724
New York,NY,2016,0.613304532591522,0.22099574078050438
New York,NY,2018,0.6202139302554139,0.2857796609861587
North Carolina,NC,1978,0.4548834580309804,0.5451165419690196
North Carolina,NC,1980,0.4937810993705724,0.49957250099434547
North Carolina,NC,1984,0.47809898032693315,0.516633162889099
North Carolina,NC,1990,0.47428494118386055,0.5253860073396357
North Carolina,NC,1992,0.46317513036819635,0.5034704725684678
North Carolina,NC,1996,0.45918060001815014,0.5264448126625297
North Carolina,NC,1998,0.511512849732847,0.4701171835202568
North Carolina,NC,2002,0.449550249422932,0.5356358000515619
North Carolina,NC,2004,0.47018676402227827,0.5159584364654982
North Carolina,NC,2008,0.5265278080136331,0.44183596794921315
North Carolina,NC,2010,0.43046616284704325,0.5481213151940224
North Carolina,NC,2014,0.47256199316635344,0.4882064541977257
North Carolina,NC,2016,0.45365693106548033,0.5106177974489319
North Dakota,ND,1976,0.6209664313825239,0.3655241607845631
North Dakota,ND,1982,0.6281713752309832,0.34025108109652713
North Dakota,ND,1986,0.49801220014324615,0.4906768899668873
North Dakota,ND,1988,0.5944565480513193,0.3905557284642252
North Dakota,ND,1992,0.590040696545893,0.3887457765407607
North Dakota,ND,1994,0.5798298012657104,0.42017019873428957
North Dakota,ND,1998,0.631553539122039,0.35158278574039875
North Dakota,ND,2000,0.0,0.38627455753828177
North Dakota,ND,2004,0.6827992635888457,0.3172007364111543
North Dakota,ND,2006,0.6882632293080054,0.29528493894165536
North Dakota,ND,2010,0.0,0.7616901573779838
North Dakota,ND,2012,0.5023821089604663,0.4932397927409511
North Dakota,ND,2016,0.1696812564050908,0.7847801904228017
North Dakota,ND,2018,0.0,0.5510550748456176
Ohio,OH,1976,0.49510446453143936,0.4651757263468748
Ohio,OH,1980,0.6880003813966816,0.2824955062978872
Ohio,OH,1982,0.5665698610174813,0.41136952456851983
Ohio,OH,1986,0.6245081601915168,0.37546364542486854
Ohio,OH,1988,0.5697431944873595,0.43022211603515353
Ohio,OH,1992,0.5098963214699852,0.4230955122004742
Ohio,OH,1994,0.3922777143482294,0.5343665948574348
Ohio,OH,1998,0.43534112669345787,0.5645971875402976
Ohio,OH,2000,0.35853840169519835,0.5991528953531524
Ohio,OH,2004,0.3614513411145185,0.6384941049496086
Ohio,OH,2006,0.5616413169069943,0.4381521761847276
Ohio,OH,2010,0.3940388949379544,0.5684629857476794
Ohio,OH,2012,0.5070069506101833,0.4470001750774176
Ohio,OH,2016,0.37157556040344136,0.5802887667737717
Ohio,OH,2018,0.5341141418368777,0.4656564264238257
Oklahoma,OK,1978,0.654880784446825,0.32860775537477593
Oklahoma,OK,1980,0.43547811423899246,0.5346947174435989
Oklahoma,OK,1984,0.7564095607698902,0.23426774529879285
Oklahoma,OK,1986,0.4478518820230377,0.5521481179769623
Oklahoma,OK,1990,0.8317531526357324,0.16824684736426765
Oklahoma,OK,1992,0.3819076144351576,0.5854933047388682
Oklahoma,OK,1996,0.400762371635042,0.5668004902167941
Oklahoma,OK,1998,0.3127764730788065,0.6638052466346327
Oklahoma,OK,2002,0.3630992592476218,0.5730216491363126
Oklahoma,OK,2004,0.4124488715454167,0.5276532540436232
Oklahoma,OK,2008,0.39183884397235264,0.5667985081885539
Oklahoma,OK,2010,0.2613318966407151,0.7063670979038511
Oklahoma,OK,2014,0.2854850481216181,0.6800823166608385
Oklahoma,OK,2016,0.24578691161267555,0.677389615116084
Oregon,OR,1978,0.3827553057753457,0.6164189405703863
Oregon,OR,1980,0.44012769904971005,0.52108121568373
Oregon,OR,1984,0.3343297097720902,0.6652907835865436
Oregon,OR,1986,0.36039825237037854,0.6295274589829793
Oregon,OR,1990,0.4618973759500753,0.5368135691900423
Oregon,OR,1992,0.4649968423722396,0.5213937456441815
Oregon,OR,1996,0.4590179601979077,0.497956963160642
Oregon,OR,1998,0.6105361946844858,0.33794678044315934
Oregon,OR,2002,0.39606193394837996,0.5620858555847796
Oregon,OR,2004,0.6339209794726348,0.31746033528965767
Oregon,OR,2008,0.489046700884411,0.4555344712091175
Oregon,OR,2010,0.5722403070038015,0.39248836119529623
Oregon,OR,2014,0.557284461466676,0.36866472635120806
Oregon,OR,2016,0.5660084262153018,0.3334767408390773
Pennsylvania,PA,1976,0.4678424662581194,0.523912463462472
Pennsylvania,PA,1980,0.48039176630733704,0.504839926827314
Pennsylvania,PA,1982,0.39204291325343193,0.5927730245597523
Pennsylvania,PA,1986,0.42869215973117253,0.5643604069117933
Pennsylvania,PA,1988,0.32445487310716487,0.6645253352838983
Pennsylvania,PA,1992,0.4633019671373331,0.4910295039365652
Pennsylvania,PA,1994,0.4692034208838773,0.494025806058643
Pennsylvania,PA,1998,0.34787467383759046,0.6134169445196769
Pennsylvania,PA,2000,0.4550908573306335,0.5241607597364035
Pennsylvania,PA,2004,0.41987442223163624,0.5261782247322185
Pennsylvania,PA,2006,0.586365789333756,0.4128302495219972
Pennsylvania,PA,2010,0.4899150530927598,0.5100849469072402
Pennsylvania,PA,2012,0.5369002004825656,0.4458759268453654
Pennsylvania,PA,2016,0.4734104711017579,0.48773500228690175
Pennsylvania,PA,2018,0.5561318396530043,0.427427545872648
Rhode Island,RI,1976,0.42031205346623013,0.5774016936320837
Rhode Island,RI,1978,0.7511239521232388,0.24887604787676118
Rhode Island,RI,1982,0.4880214016068709,0.5119785983931291
Rhode Island,RI,1984,0.7265962639441117,0.2734037360558883
Rhode Island,RI,1988,0.4540742229704264,0.5459257770295736
Rhode Island,RI,1990,0.6183150122781285,0.3816575198729887
Rhode Island,RI,1994,0.3547662339166387,0.6452337660833614
Rhode Island,RI,1996,0.6330800200894143,0.3495558098750998
Rhode Island,RI,2000,0.411452065015472,0.5687652835164161
Rhode Island,RI,2002,0.7842648849441564,0.21573511505584364
Rhode Island,RI,2006,0.5351863540376058,0.4648136459623941
Rhode Island,RI,2008,0.7307092786888234,0.2647466340938716
Rhode Island,RI,2012,0.6481136519611945,0.349655299398119
Rhode Island,RI,2014,0.7058264804448119,0.29247265681702
Rhode Island,RI,2018,0.614424347955343,0.3833459858044583
South Carolina,SC,1978,0.4432248051222742,0.5567751948777258
South Carolina,SC,1980,0.7036806433084434,0.29631935669155657
South Carolina,SC,1984,0.31807321293504504,0.6681120678043372
South Carolina,SC,1986,0.6307912873562596,0.3562324347324117
South Carolina,SC,1990,0.3251722355724402,0.6420963453556339
South Carolina,SC,1992,0.5006870331182155,0.4694655712540599
South Carolina,SC,1996,0.4400080604117527,0.5337947402368693
South Carolina,SC,1998,0.5269820394120833,0.4566971263620572
South Carolina,SC,2002,0.4418838493007602,0.5440234579005396
South Carolina,SC,2004,0.44100597224804833,0.5366614889235741
South Carolina,SC,2008,0.422468688399412,0.5752464290695195
South Carolina,SC,2010,0.27646319288683446,0.6147821418659776
South Carolina,SC,2014,0.36830514283410276,0.5426615325685946
South Carolina,SC,2016,0.3436959880344974,0.6056945411297078
South Dakota,SD,1978,0.33164057762354315,0.6683594223764568
South Dakota,SD,1980,0.39397455706948253,0.5820055087670012
South Dakota,SD,1984,0.2550956089866429,0.744904391013357
South Dakota,SD,1986,0.5160294763884663,0.48397052361153364
South Dakota,SD,1990,0.4507251637217348,0.5239172741875695
South Dakota,SD,1992,0.6490231543072392,0.32506614448646465
South Dakota,SD,1996,0.5132193277388617,0.48678067226113836
South Dakota,SD,1998,0.6214313783091896,0.3640862077516777
South Dakota,SD,2002,0.4962385296636158,0.49466223803781323
South Dakota,SD,2004,0.4942380645623076,0.5057619354376923
South Dakota,SD,2008,0.6249169234487342,0.37508307655126577
South Dakota,SD,2010,0.0,1.0
South Dakota,SD,2014,0.2951054357006857,0.5037042074069832
South Dakota,SD,2016,0.28172138420585624,0.7182786157941438
Tennessee,TN,1976,0.5245501890302406,0.4701182783234617
Tennessee,TN,1978,0.4029300990239341,0.5553948080276969
Tennessee,TN,1982,0.6192429660616693,0.38073322035109164
Tennessee,TN,1984,0.6071511787363868,0.33798776240324846
Tennessee,TN,1988,0.6508890804572031,0.3452268755172504
Tennessee,TN,1990,0.6772331941188027,0.2981202211444506
Tennessee,TN,1994,0.42094554749387153,0.5635173410267963
Tennessee,TN,1996,0.3682185055749709,0.6136931989403283
Tennessee,TN,2000,0.3220718723766769,0.6509569312246677
Tennessee,TN,2002,0.44338639286131787,0.542791421501773
Tennessee,TN,2006,0.4798922394400377,0.5071241400560071
Tennessee,TN,2008,0.31644013305369784,0.6514422055733249
Tennessee,TN,2012,0.30406590287131857,0.6489157549267126
Tennessee,TN,2014,0.31865159217358713,0.6186657836419674
Tennessee,TN,2018,0.43919972902386195,0.5470700705072781
Texas,TX,1976,0.567843416627304,0.422372961853065
Texas,TX,1978,0.49259645238568844,0.4978837122817335
Texas,TX,1982,0.5859249598877534,0.4049923835874769
Texas,TX,1984,0.4144680513148035,0.5854805766762047
Texas,TX,1988,0.5916677530230449,0.39995972654625456
Texas,TX,1990,0.374130628333687,0.6023711218560619
Texas,TX,1994,0.38309298728486846,0.6084706794955069
Texas,TX,1996,0.4394033332965472,0.5477543767540893
Texas,TX,2000,0.3230752442100816,0.6507621932736053
Texas,TX,2002,0.4332638016912671,0.5529987514432837
Texas,TX,2006,0.36044576366682635,0.6169170106680406
Texas,TX,2008,0.42837877547925163,0.5482087821462764
Texas,TX,2012,0.406230045638668,0.5645565786485696
Texas,TX,2014,0.343645433505767,0.6156003905034854
Texas,TX,2018,0.4832535502239402,0.508926012837366
Utah,UT,1976,0.4289304128647713,0.5558639208746083
Utah,UT,1980,0.2548452123345527,0.7364571309343124
Utah,UT,1982,0.413491283001948,0.5827634409817597
Utah,UT,1986,0.26550236606291266,0.7230522786139629
Utah,UT,1988,0.31740809299799283,0.6712777547127994
Utah,UT,1992,0.39714744903945925,0.5538307586630612
Utah,UT,1994,0.2829517970206276,0.6880305177699382
Utah,UT,1998,0.329701015742288,0.6398186333245102
Utah,UT,2000,0.3151458222901271,0.6558404269693284
Utah,UT,2004,0.284027218703865,0.6873117581378616
Utah,UT,2006,0.31064924061535015,0.6236091952413295
Utah,UT,2010,0.32761820139090614,0.615831382533363
Utah,UT,2012,0.29980405223552264,0.653100950341692
Utah,UT,2016,0.270583183859919,0.6814553466662723
Utah,UT,2018,0.3091146874661875,0.6258814784846333
Vermont,VT,1976,0.45320004231460914,0.49974082301914735
Vermont,VT,1980,0.49815420516057457,0.4849802031330694
Vermont,VT,1982,0.4722562826633016,0.5026666349210128
Vermont,VT,1986,0.6315663606944416,0.34497181120631754
Vermont,VT,1988,0.2976160727672547,0.6796233361653923
Vermont,VT,1992,0.5416201498570373,0.43345150644469255
Vermont,VT,1994,0.40566536906156697,0.5031605502853471
Vermont,VT,1998,0.7221542170475995,0.22449961688687883
Vermont,VT,2000,0.2542530329289428,0.6555736568457539
Vermont,VT,2004,0.7062706700346345,0.24542980651545532
Vermont,VT,2006,0.0,0.32361985984246566
Vermont,VT,2010,0.6432616996487767,0.3091233023497096
Vermont,VT,2012,0.0,0.2490008949248878
Vermont,VT,2016,0.5998839194051182,0.3233936723594005
Vermont,VT,2018,0.0,0.27386803803040083
Virginia,VA,1976,0.38267030497592297,0.0
Virginia,VA,1978,0.4978588773546622,0.5017214069720255
Virginia,VA,1982,0.4880109238200593,0.5118393186881809
Virginia,VA,1984,0.29945000889171386,0.7004747726884408
Virginia,VA,1988,0.7124984955751784,0.2869413025394691
Virginia,VA,1990,0.0,0.8090708597477139
Virginia,VA,1994,0.4560840219240881,0.4287868117190929
Virginia,VA,1996,0.4739350622049802,0.5247955697398624
Virginia,VA,2000,0.4768026057452799,0.5225543455268566
Virginia,VA,2002,0.0,0.8257525402471563
Virginia,VA,2006,0.4959431667893581,0.4920076188226261
Virginia,VA,2008,0.6503255021417431,0.3372854345545542
Virginia,VA,2012,0.5286594904628799,0.4696080896408286
Virginia,VA,2014,0.49149932271994207,0.4833843219852111
Virginia,VA,2018,0.5700260758799454,0.4100746171792874
Washington,WA,1976,0.7184032577051608,0.24246752924497236
Washington,WA,1980,0.4582655671329444,0.5417344328670556
Washington,WA,1982,0.689566349720419,0.24280513505534623
Washington,WA,1986,0.5065707468480978,0.48672578282550716
Washington,WA,1988,0.48913305729596623,0.5108669427040338
Washington,WA,1992,0.5399188390852361,0.4600811609147639
Washington,WA,1994,0.44251496759447423,0.5574850324055258
Washington,WA,1998,0.584139988064987,0.41586001193501293
Washington,WA,2000,0.4873028493377087,0.486397259422462
Washington,WA,2004,0.5498048534564939,0.42736188339741243
Washington,WA,2006,0.568526980891035,0.399334080069721
Washington,WA,2010,0.523648258488133,0.47635174151186693
Washington,WA,2012,0.6045099118171301,0.3954900881828699
Washington,WA,2016,0.5901301044578745,0.40986989554212555
Washington,WA,2018,0.5843375992492955,0.41566240075070443
West Virginia,WV,1976,1.0,0.0
West Virginia,WV,1978,0.504780572047082,0.4952194279529179
West Virginia,WV,1982,0.6848760158071443,0.3076343412687462
West Virginia,WV,1984,0.5181761034156176,0.47725598577702943
West Virginia,WV,1988,0.6476793681161521,0.3523206318838478
West Virginia,WV,1990,0.6832317186282633,0.3167682813717367
West Virginia,WV,1994,0.690116787350096,0.30988321264990404
West Virginia,WV,1996,0.7664796327823054,0.23352036721769467
West Virginia,WV,2000,0.7775192757967578,0.20155697731645117
West Virginia,WV,2002,0.6311135463784696,0.3688864536215304
West Virginia,WV,2006,0.7704902160126258,0.22950978398737426
West Virginia,WV,2008,0.6372702574938631,0.3625603011784004
West Virginia,WV,2012,0.6057206733696656,0.3647171623230466
West Virginia,WV,2014,0.34464137327552574,0.6211744168362028
West Virginia,WV,2018,0.4954581402649804,0.46297290667014346
Wisconsin,WI,1976,0.7218800495870417,0.2696912901777248
Wisconsin,WI,1980,0.4833889997377736,0.5019099882860101
Wisconsin,WI,1982,0.6364954498172354,0.34135594734358526
Wisconsin,WI,1986,0.4739585510533491,0.5087555472250728
Wisconsin,WI,1988,0.5205378679912738,0.4752535525023176
Wisconsin,WI,1992,0.525701349504139,0.4600985530669734
Wisconsin,WI,1994,0.5829366873867866,0.4068584619079373
Wisconsin,WI,1998,0.5054752401700101,0.4840155471605533
Wisconsin,WI,2000,0.615427921056123,0.37035955124301057
Wisconsin,WI,2004,0.5535048307598323,0.441117412601708
Wisconsin,WI,2006,0.6730655283152902,0.2947668167705422
Wisconsin,WI,2010,0.47019915434358006,0.2593185930657279
Wisconsin,WI,2012,0.5140886372781917,0.45860336125574075
Wisconsin,WI,2016,0.46810994929700506,0.5017297212607007
Wisconsin,WI,2018,0.5541768676154819,0.44580733008483203
Wyoming,WY,1976,0.4541346995520313,0.5458653004479687
Wyoming,WY,1978,0.6216670165861852,0.3783329834138148
Wyoming,WY,1982,0.43343242160164125,0.5665675783983588
Wyoming,WY,1984,0.21682950058320583,0.7831704994167942
Wyoming,WY,1988,0.49634733980239165,0.5036526601976083
Wyoming,WY,1990,0.36063743402354853,0.6393625659764515
Wyoming,WY,1994,0.3930742154578355,0.5887363045957067
Wyoming,WY,1996,0.4221350502423286,0.5406368292139835
Wyoming,WY,2000,0.22038388272902149,0.7377269387201101
Wyoming,WY,2002,0.27046049759930163,0.7295395024006984
Wyoming,WY,2006,0.2939173865402747,0.6889075758734041
Wyoming,WY,2008,0.2425172095181335,0.7561628274408316
Wyoming,WY,2012,0.21148384523334662,0.7389309932189868
Wyoming,WY,2014,0.1716417474423469,0.7102066572014514
Wyoming,WY,2018,0.30098810343132437,0.669599842690001
